transaction_id,timestamp,amount,hour_of_day,location,category,daily_tx_count,is_foreign,label
TXN00521,2024-06-29T03:00:13,172.78,3,Toronto,Retail,3,0,0
TXN00737,2024-02-07T01:44:50,292.72,1,Dubai,Online,1,1,0
TXN00740,2024-04-07T12:26:50,9.88,12,Singapore,POS Terminal,1,1,0
TXN00660,2024-05-29T22:36:52,45.22,22,Sydney,ATM,4,1,0
TXN00411,2024-04-14T04:19:24,23.35,4,Tokyo,POS Terminal,8,1,0
TXN00678,2024-02-12T02:52:02,276.67,2,Dubai,ATM,8,1,0
TXN00626,2024-01-31T14:11:10,27.45,14,Sydney,Online,3,1,0
TXN00513,2024-02-25T13:52:13,30.29,13,Toronto,ATM,6,0,0
TXN00859,2024-02-08T15:51:00,192.39,15,Tokyo,Wire Transfer,8,1,0
TXN00136,2024-04-25T14:19:55,35.17,14,São Paulo,Wire Transfer,5,1,0
TXN00811,2024-01-24T15:42:08,53.11,15,São Paulo,POS Terminal,1,1,0
TXN00076,2024-06-19T13:20:25,99.93,13,Dubai,POS Terminal,3,1,0
TXN00636,2024-01-13T23:30:58,241.73,23,Dubai,ATM,1,1,0
TXN00973,2024-03-24T14:56:15,7263.27,1,Frankfurt,Mobile Payment,14,1,1
TXN00938,2024-04-03T18:15:14,120.61,18,Dubai,ATM,2,1,0
TXN00899,2024-03-04T23:02:12,33.77,23,Toronto,Mobile Payment,2,0,0
TXN00280,2024-03-14T15:44:53,103.15,15,Tokyo,Mobile Payment,8,1,0
TXN00883,2024-05-13T04:22:18,315.13,4,Toronto,POS Terminal,1,0,0
TXN00761,2024-01-19T01:11:50,104.21,1,Dubai,POS Terminal,2,1,0
TXN00319,2024-05-27T02:08:20,77.0,2,London,Wire Transfer,8,1,0
TXN00549,2024-02-10T08:49:06,43.61,8,São Paulo,Mobile Payment,2,1,0
TXN00174,2024-06-26T09:57:01,125.47,9,New York,ATM,1,0,0
TXN00371,2024-05-16T23:46:54,163.63,23,New York,Online,7,0,0
TXN00527,2024-06-05T20:10:28,95.36,20,Singapore,Mobile Payment,4,1,0
TXN00210,2024-01-14T04:47:26,178.59,4,Mumbai,Retail,2,1,0
TXN00235,2024-03-29T13:07:18,192.62,13,São Paulo,Wire Transfer,5,1,0
TXN00101,2024-04-29T04:39:34,54.34,4,New York,Wire Transfer,1,0,0
TXN00986,2024-01-02T07:56:35,657.79,16,New York,Online,31,0,1
TXN00902,2024-03-05T15:40:19,93.18,15,Sydney,ATM,1,1,0
TXN00947,2024-03-15T12:09:08,39.24,12,Singapore,Retail,8,1,0
TXN00346,2024-01-12T01:08:45,15.84,1,Singapore,Wire Transfer,8,1,0
TXN00139,2024-02-10T00:26:28,20.55,0,São Paulo,Wire Transfer,5,1,0
TXN00621,2024-01-12T08:28:29,158.5,8,Dubai,Online,5,1,0
TXN00499,2024-05-20T16:07:36,17.13,16,London,ATM,6,1,0
TXN00370,2024-06-14T01:58:49,92.7,1,London,Mobile Payment,4,1,0
TXN00198,2024-01-25T07:56:34,96.53,7,Tokyo,Wire Transfer,8,1,0
TXN00687,2024-06-18T03:42:33,57.41,3,Dubai,POS Terminal,3,1,0
TXN00584,2024-04-07T22:22:30,111.97,22,Mumbai,Wire Transfer,6,1,0
TXN00901,2024-03-23T05:40:46,56.15,5,New York,Mobile Payment,2,0,0
TXN00059,2024-02-11T23:28:35,290.22,23,Frankfurt,POS Terminal,1,1,0
TXN00328,2024-06-07T20:01:31,190.37,20,Mumbai,ATM,5,1,0
TXN00096,2024-04-17T12:57:49,128.42,12,São Paulo,Mobile Payment,1,1,0
TXN00312,2024-02-21T03:08:54,242.38,3,London,Wire Transfer,3,1,0
TXN00974,2024-03-21T12:39:47,29867.26,15,New York,Online,2,0,1
TXN00299,2024-01-22T23:27:05,191.63,23,Frankfurt,POS Terminal,3,1,0
TXN00277,2024-03-30T00:26:03,43.8,0,Frankfurt,POS Terminal,6,1,0
TXN00924,2024-04-04T22:03:52,377.68,22,São Paulo,ATM,1,1,0
TXN00601,2024-05-25T01:11:38,29.77,1,Singapore,POS Terminal,4,1,0
TXN00439,2024-04-06T17:30:03,84.21,17,New York,Mobile Payment,3,0,0
TXN00837,2024-01-30T16:16:56,27.17,16,Mumbai,POS Terminal,5,1,0
TXN00570,2024-04-28T08:54:07,92.03,8,London,Online,5,1,0
TXN00879,2024-05-18T08:35:28,374.68,8,Tokyo,Mobile Payment,3,1,0
TXN00261,2024-01-25T17:43:24,83.81,17,Dubai,ATM,3,1,0
TXN00578,2024-03-25T03:02:29,15.27,3,New York,Online,7,0,0
TXN00023,2024-05-08T05:32:58,16.29,5,London,Mobile Payment,5,1,0
TXN00030,2024-04-12T21:41:23,43.73,21,Toronto,POS Terminal,8,0,0
TXN00617,2024-06-18T20:38:30,215.06,20,Sydney,Retail,1,1,0
TXN00010,2024-02-29T03:24:17,51.62,3,Toronto,Mobile Payment,6,0,0
TXN00221,2024-01-22T02:27:06,9.58,2,Singapore,Online,1,1,0
TXN00820,2024-06-05T08:43:25,48.39,8,Sydney,Wire Transfer,8,1,0
TXN00296,2024-01-10T20:12:18,264.94,20,Singapore,Retail,6,1,0
TXN00054,2024-06-05T20:33:00,310.19,20,Mumbai,ATM,2,1,0
TXN00542,2024-03-02T01:15:05,169.99,1,Frankfurt,Retail,8,1,0
TXN00209,2024-04-01T07:37:20,4999.0,7,New York,Online,5,0,0
TXN00604,2024-06-20T20:46:56,147.84,20,Singapore,Wire Transfer,1,1,0
TXN00692,2024-03-25T07:00:00,24.6,7,London,Retail,8,1,0
TXN00662,2024-05-09T09:54:10,86.55,9,Mumbai,Online,5,1,0
TXN00866,2024-03-31T10:43:32,126.85,10,Toronto,Mobile Payment,8,0,0
TXN00070,2024-06-22T17:21:01,138.89,17,London,ATM,3,1,0
TXN00543,2024-06-05T19:03:19,507.7,19,Tokyo,Retail,1,1,0
TXN00107,2024-02-21T00:39:09,111.0,0,Sydney,Online,8,1,0
TXN00493,2024-06-11T17:44:58,32.02,17,Tokyo,POS Terminal,3,1,0
TXN00590,2024-02-15T07:37:20,98.09,7,Singapore,POS Terminal,1,1,0
TXN00741,2024-01-04T23:16:12,19.39,23,São Paulo,Wire Transfer,4,1,0
TXN00292,2024-05-19T10:52:41,44.38,10,Tokyo,Mobile Payment,8,1,0
TXN00289,2024-04-09T15:02:40,42.64,15,Frankfurt,ATM,5,1,0
TXN00652,2024-06-04T09:45:45,65.19,9,Dubai,Wire Transfer,7,1,0
TXN00039,2024-04-18T05:17:29,114.0,5,Sydney,Retail,8,1,0
TXN00589,2024-02-26T18:54:51,32.22,18,Frankfurt,ATM,3,1,0
TXN00307,2024-06-03T04:43:28,44.26,4,Singapore,ATM,8,1,0
TXN00679,2024-05-13T19:33:21,414.0,19,Frankfurt,Mobile Payment,3,1,0
TXN00066,2024-03-09T05:50:44,82.57,5,London,Wire Transfer,1,1,0
TXN00275,2024-05-12T03:18:05,156.73,3,Tokyo,ATM,8,1,0
TXN00067,2024-04-30T07:12:52,300.14,7,Toronto,ATM,5,0,0
TXN00318,2024-04-11T22:46:30,132.82,22,Mumbai,Wire Transfer,7,1,0
TXN00548,2024-05-10T11:03:31,140.52,11,São Paulo,Online,6,1,0
TXN00998,2024-04-11T23:36:39,42945.8,11,Singapore,Mobile Payment,2,1,1
TXN00714,2024-04-15T01:35:35,86.04,1,New York,Retail,5,0,0
TXN00753,2024-04-24T07:57:41,318.74,7,São Paulo,POS Terminal,4,1,0
TXN00327,2024-06-13T18:16:41,232.76,18,Sydney,POS Terminal,7,1,0
TXN00382,2024-06-26T07:03:42,7.04,7,London,Wire Transfer,5,1,0
TXN00451,2024-01-22T08:09:24,283.2,8,Tokyo,Mobile Payment,7,1,0
TXN00522,2024-05-31T07:33:43,40.64,7,Toronto,Retail,1,0,0
TXN00218,2024-04-20T14:56:14,50.28,14,Frankfurt,ATM,8,1,0
TXN00787,2024-02-04T14:32:32,156.18,14,London,Wire Transfer,6,1,0
TXN00436,2024-03-31T08:50:25,635.45,8,London,ATM,7,1,0
TXN00764,2024-05-16T00:41:46,357.5,0,São Paulo,Retail,1,1,0
TXN00088,2024-04-28T21:33:35,47.67,21,São Paulo,ATM,8,1,0
TXN00063,2024-06-23T07:42:06,21.42,7,Singapore,POS Terminal,7,1,0
TXN00826,2024-06-02T13:05:04,599.13,13,Dubai,Online,6,1,0
TXN00716,2024-01-14T07:54:29,103.24,7,Singapore,POS Terminal,8,1,0
TXN00351,2024-06-25T20:01:38,528.7,20,Toronto,ATM,4,0,0
TXN00936,2024-06-25T08:58:35,26.43,8,Mumbai,POS Terminal,3,1,0
TXN00256,2024-03-23T19:30:32,411.7,19,Tokyo,Retail,8,1,0
TXN00635,2024-01-10T12:56:56,12.36,12,Singapore,Mobile Payment,4,1,0
TXN00644,2024-03-11T11:52:29,67.03,11,Mumbai,Wire Transfer,2,1,0
TXN00554,2024-05-26T11:07:32,134.98,11,New York,Online,4,0,0
TXN00959,2024-01-05T09:55:56,5005.19,12,London,ATM,13,1,1
TXN00168,2024-05-14T14:00:46,67.06,14,Tokyo,Wire Transfer,3,1,0
TXN00917,2024-05-21T04:39:18,112.61,4,Singapore,Wire Transfer,6,1,0
TXN00528,2024-06-09T23:09:58,122.94,23,Frankfurt,POS Terminal,8,1,0
TXN00823,2024-06-17T03:47:14,58.24,3,Toronto,Mobile Payment,3,0,0
TXN00985,2024-03-01T06:37:42,7898.6,14,São Paulo,POS Terminal,6,1,1
TXN00816,2024-06-02T17:26:16,124.02,17,Sydney,Retail,1,1,0
TXN00086,2024-02-26T05:51:44,270.02,5,Mumbai,Wire Transfer,1,1,0
TXN00432,2024-06-17T15:01:00,65.15,15,Mumbai,POS Terminal,7,1,0
TXN00184,2024-06-04T23:31:53,68.84,23,Dubai,Online,6,1,0
TXN00978,2024-02-16T18:57:44,1482.67,2,New York,Online,4,0,1
TXN00534,2024-01-29T07:31:40,41.17,7,São Paulo,Retail,1,1,0
TXN00294,2024-01-10T09:12:02,138.16,9,Sydney,Retail,6,1,0
TXN00892,2024-03-23T00:09:03,323.76,0,Mumbai,Retail,3,1,0
TXN00425,2024-02-20T10:14:24,465.15,10,São Paulo,Online,8,1,0
TXN00713,2024-01-31T15:47:41,145.32,15,New York,Retail,7,0,0
TXN00260,2024-06-22T19:03:50,29.6,19,Singapore,Retail,6,1,0
TXN00237,2024-03-18T06:49:08,112.59,6,Dubai,ATM,6,1,0
TXN00559,2024-02-08T00:59:26,54.32,0,New York,Online,6,0,0
TXN00583,2024-04-17T06:41:56,1373.11,6,Mumbai,Online,1,1,0
TXN00445,2024-06-22T17:21:24,201.06,17,Tokyo,Mobile Payment,2,1,0
TXN00867,2024-01-21T12:39:18,134.47,12,Toronto,Mobile Payment,3,0,0
TXN00800,2024-04-16T10:46:07,277.53,10,Toronto,Mobile Payment,8,0,0
TXN00599,2024-02-27T21:37:52,141.57,21,Tokyo,Wire Transfer,5,1,0
TXN00849,2024-02-16T16:17:25,47.6,16,Sydney,POS Terminal,3,1,0
TXN00265,2024-06-14T21:27:32,20.14,21,Singapore,Retail,6,1,0
TXN00995,2024-01-31T00:29:40,38973.67,11,Frankfurt,Wire Transfer,3,1,1
TXN00529,2024-02-25T02:57:06,30.41,2,Tokyo,Retail,7,1,0
TXN00055,2024-02-04T08:07:56,275.21,8,London,Mobile Payment,3,1,0
TXN00120,2024-03-28T08:56:38,232.58,8,Dubai,POS Terminal,1,1,0
TXN00215,2024-03-23T19:09:04,223.8,19,Tokyo,ATM,6,1,0
TXN00025,2024-05-18T16:58:00,102.83,16,São Paulo,ATM,8,1,0
TXN00072,2024-03-21T13:38:32,86.23,13,London,Wire Transfer,4,1,0
TXN00044,2024-02-09T06:18:13,15.27,6,New York,POS Terminal,1,0,0
TXN00247,2024-03-30T11:46:52,41.1,11,Tokyo,Online,2,1,0
TXN00721,2024-04-10T06:29:52,11.56,6,Sydney,Mobile Payment,6,1,0
TXN00281,2024-04-24T19:00:57,199.25,19,London,Retail,5,1,0
TXN00893,2024-01-27T09:17:08,366.19,9,Toronto,Mobile Payment,1,0,0
TXN00914,2024-04-26T00:49:40,80.29,0,Mumbai,Wire Transfer,3,1,0
TXN00810,2024-02-15T15:57:39,71.93,15,São Paulo,Retail,2,1,0
TXN00244,2024-01-28T07:27:37,21.32,7,Frankfurt,POS Terminal,2,1,0
TXN00822,2024-05-27T11:49:45,1420.38,11,Frankfurt,Mobile Payment,3,1,0
TXN00321,2024-02-03T13:32:58,183.86,13,New York,Retail,3,0,0
TXN00643,2024-03-04T01:29:03,14.82,1,Singapore,Mobile Payment,4,1,0
TXN00158,2024-01-30T14:07:41,21.55,14,Tokyo,Wire Transfer,5,1,0
TXN00977,2024-03-16T19:58:03,1658.95,3,Mumbai,Retail,1,1,1
TXN00429,2024-05-14T01:53:54,10.91,1,London,Mobile Payment,1,1,0
TXN00941,2024-01-10T23:51:36,256.45,23,Frankfurt,Retail,1,1,0
TXN00462,2024-06-07T12:51:55,38.87,12,Singapore,Wire Transfer,6,1,0
TXN00309,2024-06-15T08:15:07,70.62,8,New York,Mobile Payment,3,0,0
TXN00697,2024-01-03T04:42:41,20.06,4,Tokyo,ATM,6,1,0
TXN00060,2024-01-29T02:56:44,50.65,2,Tokyo,POS Terminal,1,1,0
TXN00884,2024-06-25T15:48:30,204.03,15,Dubai,Retail,7,1,0
TXN00595,2024-02-15T10:03:01,48.81,10,Tokyo,POS Terminal,3,1,0
TXN00767,2024-04-11T21:01:30,753.67,21,Tokyo,POS Terminal,4,1,0
TXN00649,2024-06-14T07:43:13,207.57,7,Dubai,Mobile Payment,7,1,0
TXN00650,2024-05-11T00:55:49,827.78,0,New York,Wire Transfer,3,0,0
TXN00865,2024-05-27T18:41:41,56.53,18,Mumbai,Online,5,1,0
TXN00668,2024-05-08T03:55:43,3.74,3,Frankfurt,POS Terminal,5,1,0
TXN00298,2024-04-08T10:11:31,238.75,10,Toronto,ATM,5,0,0
TXN00689,2024-01-30T03:31:12,153.41,3,São Paulo,Online,5,1,0
TXN00314,2024-01-17T17:34:18,431.2,17,Dubai,Online,3,1,0
TXN00310,2024-05-07T16:24:58,69.32,16,Mumbai,Retail,5,1,0
TXN00361,2024-03-30T17:59:59,566.39,17,Dubai,ATM,2,1,0
TXN00479,2024-06-27T14:20:04,344.98,14,Dubai,Retail,2,1,0
TXN00110,2024-01-28T18:01:59,9.0,18,Dubai,POS Terminal,7,1,0
TXN00989,2024-06-18T22:44:38,2915.73,4,New York,Retail,3,0,1
TXN00486,2024-03-24T06:29:07,41.43,6,Dubai,Mobile Payment,8,1,0
TXN00363,2024-03-15T01:18:45,145.77,1,London,ATM,8,1,0
TXN00254,2024-06-14T02:39:38,14.54,2,Mumbai,Wire Transfer,8,1,0
TXN00259,2024-04-03T11:58:18,228.05,11,Frankfurt,Wire Transfer,6,1,0
TXN00802,2024-01-12T04:36:37,101.02,4,Tokyo,Online,1,1,0
TXN00677,2024-03-20T04:06:24,737.1,4,Mumbai,POS Terminal,5,1,0
TXN00494,2024-05-05T09:08:11,559.89,9,Singapore,Wire Transfer,1,1,0
TXN00670,2024-03-28T13:36:57,401.54,13,Toronto,Online,6,0,0
TXN00377,2024-03-16T18:43:48,112.17,18,Sydney,Online,7,1,0
TXN00526,2024-02-04T20:43:09,12.77,20,London,POS Terminal,1,1,0
TXN00845,2024-03-08T06:14:12,162.54,6,Sydney,POS Terminal,6,1,0
TXN00137,2024-05-25T19:03:39,61.16,19,London,Online,4,1,0
TXN00355,2024-06-25T06:26:32,27.03,6,São Paulo,Wire Transfer,1,1,0
TXN00365,2024-05-23T22:17:08,55.62,22,London,POS Terminal,4,1,0
TXN00942,2024-03-26T11:56:52,196.42,11,Frankfurt,Wire Transfer,2,1,0
TXN00749,2024-05-14T07:11:33,16.64,7,London,POS Terminal,3,1,0
TXN00948,2024-05-26T23:03:35,85.23,23,Frankfurt,ATM,2,1,0
TXN00829,2024-04-22T00:12:54,64.19,0,Mumbai,ATM,4,1,0
TXN00656,2024-06-12T10:55:17,91.53,10,Dubai,Mobile Payment,5,1,0
TXN00199,2024-04-04T21:47:44,22.84,21,Mumbai,Wire Transfer,3,1,0
TXN00213,2024-04-27T20:01:03,196.7,20,Toronto,Wire Transfer,7,0,0
TXN00408,2024-03-17T08:03:35,104.0,8,São Paulo,Mobile Payment,3,1,0
TXN00332,2024-03-29T12:08:48,98.59,12,Singapore,POS Terminal,2,1,0
TXN00208,2024-02-14T03:42:55,167.01,3,New York,Online,1,0,0
TXN00613,2024-02-10T01:06:21,23.32,1,Sydney,Online,7,1,0
TXN00078,2024-04-13T17:53:00,100.5,17,Dubai,ATM,4,1,0
TXN00029,2024-02-24T17:48:46,63.43,17,Sydney,Mobile Payment,5,1,0
TXN00535,2024-04-02T10:08:24,95.29,10,São Paulo,Wire Transfer,6,1,0
TXN00695,2024-01-13T03:52:11,62.09,3,New York,ATM,6,0,0
TXN00557,2024-03-15T18:50:19,53.57,18,São Paulo,Online,8,1,0
TXN00836,2024-05-09T03:35:04,578.59,3,Mumbai,ATM,6,1,0
TXN00596,2024-01-29T16:55:23,65.11,16,London,ATM,7,1,0
TXN00165,2024-02-29T13:02:20,147.72,13,Toronto,Mobile Payment,7,0,0
TXN00918,2024-01-29T03:33:42,52.68,3,London,Retail,3,1,0
TXN00495,2024-04-01T00:31:08,171.86,0,Sydney,Wire Transfer,8,1,0
TXN00824,2024-01-26T06:32:25,52.74,6,Singapore,POS Terminal,1,1,0
TXN00065,2024-04-15T00:11:47,458.28,0,Singapore,Wire Transfer,4,1,0
TXN00141,2024-01-19T21:14:59,432.06,21,Dubai,Mobile Payment,4,1,0
TXN00925,2024-01-19T09:04:13,14.47,9,Mumbai,Retail,2,1,0
TXN00827,2024-01-21T19:02:46,48.07,19,Frankfurt,Wire Transfer,5,1,0
TXN00655,2024-03-17T21:06:30,96.65,21,London,ATM,5,1,0
TXN00331,2024-04-28T06:21:38,30.67,6,Tokyo,ATM,6,1,0
TXN00664,2024-06-23T10:41:05,38.27,10,Sydney,ATM,4,1,0
TXN00249,2024-02-15T20:31:29,146.35,20,São Paulo,POS Terminal,8,1,0
TXN00907,2024-06-09T01:03:22,220.41,1,Tokyo,Mobile Payment,2,1,0
TXN00708,2024-02-08T17:57:39,7.4,17,New York,Retail,3,0,0
TXN00305,2024-06-04T21:50:28,103.63,21,New York,Online,2,0,0
TXN00734,2024-06-21T23:57:53,309.51,23,Mumbai,ATM,7,1,0
TXN00975,2024-05-12T17:25:47,31423.44,16,New York,Online,3,0,1
TXN00049,2024-03-07T06:42:45,10.85,6,Singapore,Online,5,1,0
TXN00896,2024-06-27T01:21:05,73.66,1,Tokyo,Retail,5,1,0
TXN00002,2024-01-09T00:05:13,195.83,0,Sydney,POS Terminal,1,1,0
TXN00544,2024-02-05T22:00:10,4.64,22,Toronto,ATM,5,0,0
TXN00350,2024-01-05T11:21:43,130.72,11,London,Wire Transfer,5,1,0
TXN00904,2024-02-12T08:37:07,113.22,8,Frankfurt,Online,1,1,0
TXN00536,2024-05-19T21:11:48,32.06,21,Toronto,Retail,1,0,0
TXN00344,2024-01-25T12:23:50,51.15,12,Singapore,POS Terminal,6,1,0
TXN00994,2024-06-10T15:31:51,2709.16,1,Sydney,Retail,3,1,1
TXN00481,2024-05-12T05:35:10,28.6,5,Singapore,POS Terminal,7,1,0
TXN00575,2024-01-27T04:07:00,6.34,4,New York,Online,3,0,0
TXN00033,2024-01-09T10:04:32,25.3,10,Sydney,ATM,8,1,0
TXN00031,2024-01-31T07:14:04,831.09,7,Singapore,Retail,4,1,0
TXN00231,2024-04-17T14:21:10,116.72,14,Singapore,ATM,6,1,0
TXN00963,2024-05-22T08:14:09,907.46,18,London,Mobile Payment,29,1,1
TXN00192,2024-01-24T12:00:16,116.39,12,Mumbai,Retail,8,1,0
TXN00333,2024-03-22T07:29:07,39.94,7,Dubai,Wire Transfer,4,1,0
TXN00003,2024-05-23T06:45:41,559.83,6,Mumbai,Wire Transfer,4,1,0
TXN00204,2024-06-18T06:41:40,17.23,6,São Paulo,Retail,1,1,0
TXN00514,2024-03-13T10:35:36,45.05,10,Tokyo,POS Terminal,8,1,0
TXN00799,2024-02-17T05:23:38,93.29,5,London,Mobile Payment,4,1,0
TXN00306,2024-03-01T20:23:23,417.05,20,Frankfurt,POS Terminal,1,1,0
TXN00109,2024-04-04T05:38:38,82.32,5,London,Online,5,1,0
TXN00430,2024-01-02T13:08:53,21.76,13,Sydney,Retail,3,1,0
TXN00077,2024-02-19T13:42:24,62.88,13,Tokyo,POS Terminal,5,1,0
TXN00084,2024-06-10T18:12:45,34.12,18,Frankfurt,Wire Transfer,7,1,0
TXN00286,2024-02-06T09:27:00,75.03,9,São Paulo,ATM,4,1,0
TXN00082,2024-03-01T21:19:14,530.32,21,Sydney,Online,1,1,0
TXN00991,2024-04-30T04:07:44,396.29,14,Sydney,Mobile Payment,41,1,1
TXN00789,2024-05-11T04:28:10,12.27,4,Tokyo,POS Terminal,3,1,0
TXN00894,2024-02-29T02:09:00,472.76,2,Toronto,Online,6,0,0
TXN00398,2024-06-23T21:55:34,78.46,21,Tokyo,Mobile Payment,6,1,0
TXN00323,2024-01-21T08:12:40,1108.61,8,Mumbai,ATM,3,1,0
TXN00519,2024-04-05T21:57:41,221.78,21,Tokyo,Retail,7,1,0
TXN00916,2024-01-17T21:34:52,186.69,21,Frankfurt,Online,8,1,0
TXN00922,2024-02-26T19:45:04,105.59,19,New York,Online,8,0,0
TXN00005,2024-03-28T08:09:13,67.97,8,Singapore,Retail,2,1,0
TXN00731,2024-06-24T11:58:43,27.83,11,Tokyo,Mobile Payment,3,1,0
TXN00465,2024-05-27T07:20:24,69.05,7,Dubai,Wire Transfer,6,1,0
TXN00097,2024-05-27T12:30:00,123.13,12,Singapore,ATM,7,1,0
TXN00266,2024-03-20T05:13:21,638.35,5,Toronto,Online,4,0,0
TXN00357,2024-05-14T12:20:11,63.66,12,Toronto,POS Terminal,6,0,0
TXN00868,2024-02-12T20:51:59,198.39,20,Singapore,Wire Transfer,7,1,0
TXN00798,2024-02-28T02:32:41,93.13,2,Dubai,Online,3,1,0
TXN00380,2024-04-08T07:28:48,32.86,7,Dubai,ATM,5,1,0
TXN00631,2024-04-16T04:09:36,564.23,4,São Paulo,POS Terminal,2,1,0
TXN00381,2024-05-29T23:36:00,43.85,23,Dubai,Mobile Payment,6,1,0
TXN00490,2024-06-21T04:20:07,89.16,4,Sydney,ATM,2,1,0
TXN00118,2024-03-03T14:36:39,354.74,14,Frankfurt,ATM,1,1,0
TXN00900,2024-05-13T21:13:30,140.11,21,Frankfurt,Mobile Payment,5,1,0
TXN00250,2024-06-23T18:41:40,19.82,18,São Paulo,ATM,6,1,0
TXN00523,2024-06-27T10:52:07,178.52,10,Frankfurt,Mobile Payment,3,1,0
TXN00009,2024-06-29T02:02:42,172.62,2,Sydney,ATM,2,1,0
TXN00196,2024-06-11T14:58:44,31.17,14,Dubai,Mobile Payment,7,1,0
TXN00603,2024-01-20T07:22:20,457.95,7,Tokyo,Mobile Payment,2,1,0
TXN00081,2024-06-17T02:18:32,138.18,2,São Paulo,ATM,2,1,0
TXN00783,2024-03-08T23:56:40,187.3,23,London,Mobile Payment,2,1,0
TXN00587,2024-05-15T11:49:37,32.47,11,Sydney,Online,2,1,0
TXN00797,2024-05-03T19:00:32,203.93,19,Tokyo,Wire Transfer,3,1,0
TXN00239,2024-04-07T17:45:14,250.37,17,Mumbai,POS Terminal,6,1,0
TXN00290,2024-01-05T11:50:04,70.12,11,Singapore,Online,2,1,0
TXN00211,2024-05-01T14:49:23,351.66,14,Mumbai,POS Terminal,2,1,0
TXN00717,2024-06-17T11:45:28,107.81,11,London,Retail,4,1,0
TXN00359,2024-02-19T07:17:35,33.36,7,Dubai,Online,5,1,0
TXN00449,2024-04-01T17:24:27,25.25,17,Tokyo,Mobile Payment,7,1,0
TXN00227,2024-06-04T21:53:44,24.7,21,Dubai,Retail,3,1,0
TXN00950,2024-05-23T06:31:25,1902.92,4,Sydney,Retail,2,1,1
TXN00946,2024-04-24T19:36:32,14.43,19,London,Online,7,1,0
TXN00796,2024-04-06T07:33:25,85.84,7,Singapore,ATM,8,1,0
TXN00501,2024-04-18T03:47:53,890.07,3,Sydney,ATM,1,1,0
TXN00464,2024-05-02T10:11:25,78.67,10,Singapore,ATM,8,1,0
TXN00362,2024-05-26T21:34:24,79.0,21,Frankfurt,ATM,3,1,0
TXN00468,2024-04-14T21:31:08,47.63,21,Dubai,Online,5,1,0
TXN00935,2024-03-18T00:19:14,49.28,0,Sydney,ATM,1,1,0
TXN00428,2024-05-19T15:11:58,320.57,15,Mumbai,Mobile Payment,1,1,0
TXN00007,2024-01-12T23:29:34,226.09,23,London,Wire Transfer,2,1,0
TXN00155,2024-01-14T06:17:35,38.2,6,Tokyo,ATM,8,1,0
TXN00541,2024-05-17T10:25:37,23.2,10,London,ATM,7,1,0
TXN00440,2024-01-22T15:54:27,142.72,15,Singapore,POS Terminal,2,1,0
TXN00482,2024-04-28T07:51:25,13.1,7,Tokyo,Online,7,1,0
TXN00422,2024-04-30T10:58:13,66.77,10,Singapore,ATM,7,1,0
TXN00778,2024-06-26T18:09:36,82.33,18,São Paulo,ATM,6,1,0
TXN00949,2024-04-12T16:27:49,120.54,16,Tokyo,Online,8,1,0
TXN00334,2024-02-06T03:03:18,290.08,3,Frankfurt,POS Terminal,7,1,0
TXN00576,2024-02-20T12:23:43,119.43,12,London,POS Terminal,5,1,0
TXN00934,2024-01-01T23:02:18,152.63,23,São Paulo,Retail,3,1,0
TXN00567,2024-03-10T07:04:12,26.85,7,Tokyo,POS Terminal,2,1,0
TXN00594,2024-01-01T10:58:39,312.64,10,Sydney,Online,6,1,0
TXN00530,2024-03-30T13:20:50,193.7,13,Tokyo,Online,5,1,0
TXN00581,2024-06-06T19:39:15,54.69,19,Dubai,Wire Transfer,7,1,0
TXN00707,2024-06-18T23:15:30,739.34,23,Singapore,Mobile Payment,7,1,0
TXN00448,2024-03-24T00:40:17,48.59,0,Toronto,Wire Transfer,4,0,0
TXN00453,2024-04-02T08:06:08,164.82,8,London,Online,7,1,0
TXN00228,2024-03-10T22:48:19,38.15,22,Singapore,ATM,1,1,0
TXN00352,2024-01-14T18:30:10,251.94,18,Mumbai,Mobile Payment,7,1,0
TXN00728,2024-03-28T09:28:51,47.1,9,Tokyo,Online,7,1,0
TXN00212,2024-04-25T16:14:39,282.82,16,New York,Mobile Payment,5,0,0
TXN00079,2024-04-20T18:38:41,8.29,18,Singapore,Wire Transfer,8,1,0
TXN00148,2024-06-21T08:36:02,168.4,8,Tokyo,Wire Transfer,8,1,0
TXN00302,2024-03-30T14:02:46,220.69,14,Singapore,POS Terminal,7,1,0
TXN00628,2024-06-01T08:20:58,96.24,8,London,Retail,7,1,0
TXN00777,2024-02-19T10:31:28,66.89,10,Singapore,POS Terminal,5,1,0
TXN00506,2024-03-23T22:18:18,44.22,22,São Paulo,ATM,2,1,0
TXN00342,2024-04-02T17:18:04,120.78,17,Frankfurt,POS Terminal,8,1,0
TXN00485,2024-05-27T03:51:55,16.33,3,Mumbai,Online,6,1,0
TXN00711,2024-05-20T20:24:25,80.15,20,Sydney,Retail,8,1,0
TXN00133,2024-05-05T02:36:40,158.91,2,New York,Online,3,0,0
TXN00703,2024-04-01T19:01:55,16.61,19,Tokyo,Wire Transfer,8,1,0
TXN00311,2024-03-07T22:28:13,336.48,22,São Paulo,ATM,8,1,0
TXN00722,2024-01-28T13:02:59,17.85,13,São Paulo,Retail,8,1,0
TXN00629,2024-05-22T12:35:20,334.63,12,Dubai,POS Terminal,8,1,0
TXN00000,2024-06-12T03:01:47,163.38,3,Dubai,Online,4,1,0
TXN00316,2024-05-06T00:23:35,204.05,0,São Paulo,ATM,8,1,0
TXN00706,2024-06-20T10:33:33,19.37,10,São Paulo,Retail,7,1,0
TXN00547,2024-03-08T22:36:40,70.55,22,London,Wire Transfer,8,1,0
TXN00872,2024-04-15T05:11:54,17.2,5,New York,Online,4,0,0
TXN00532,2024-06-25T00:54:54,83.15,0,Dubai,Online,4,1,0
TXN00477,2024-01-30T23:09:22,130.78,23,Dubai,ATM,8,1,0
TXN00404,2024-06-02T21:45:55,52.45,21,New York,Online,1,0,0
TXN00172,2024-06-07T02:15:40,82.06,2,Dubai,Online,2,1,0
TXN00125,2024-03-31T22:29:17,1247.06,22,Dubai,ATM,4,1,0
TXN00394,2024-02-25T18:04:02,370.68,18,Frankfurt,ATM,2,1,0
TXN00420,2024-05-21T10:49:18,1067.31,10,Frankfurt,Wire Transfer,6,1,0
TXN00552,2024-05-21T22:47:41,365.53,22,Frankfurt,Online,6,1,0
TXN00903,2024-06-19T06:07:15,417.44,6,Frankfurt,ATM,1,1,0
TXN00090,2024-02-10T23:55:30,101.14,23,Toronto,ATM,4,0,0
TXN00939,2024-05-26T12:36:58,45.75,12,Sydney,Mobile Payment,2,1,0
TXN00181,2024-04-26T09:12:24,32.18,9,Toronto,Retail,4,0,0
TXN00274,2024-03-05T01:41:30,27.72,1,Singapore,POS Terminal,2,1,0
TXN00895,2024-04-17T09:50:51,196.07,9,Toronto,ATM,8,0,0
TXN00069,2024-03-12T02:49:17,41.51,2,Singapore,Mobile Payment,7,1,0
TXN00291,2024-05-28T23:48:21,49.82,23,Tokyo,Retail,6,1,0
TXN00131,2024-05-26T09:30:30,97.74,9,Toronto,ATM,3,0,0
TXN00300,2024-05-19T09:20:06,33.29,9,London,ATM,5,1,0
TXN00424,2024-05-21T18:37:46,195.28,18,Frankfurt,ATM,3,1,0
TXN00326,2024-05-24T01:52:55,361.31,1,New York,Retail,1,0,0
TXN00144,2024-04-22T03:29:44,122.96,3,Dubai,Mobile Payment,7,1,0
TXN00423,2024-01-12T18:55:14,288.84,18,Tokyo,Retail,5,1,0
TXN00580,2024-02-24T05:17:17,135.12,5,Toronto,Online,1,0,0
TXN00135,2024-06-04T19:50:39,578.2,19,Sydney,POS Terminal,7,1,0
TXN00450,2024-01-22T19:18:51,83.49,19,Sydney,Mobile Payment,2,1,0
TXN00164,2024-04-26T10:55:12,286.02,10,Sydney,POS Terminal,7,1,0
TXN00028,2024-02-02T21:30:35,43.78,21,Tokyo,ATM,7,1,0
TXN00773,2024-02-19T03:11:42,289.18,3,São Paulo,Retail,8,1,0
TXN00193,2024-04-04T21:47:43,20.19,21,Dubai,POS Terminal,7,1,0
TXN00388,2024-05-15T22:23:04,281.61,22,São Paulo,Retail,1,1,0
TXN00852,2024-06-27T16:29:20,41.89,16,New York,Retail,4,0,0
TXN00169,2024-01-20T15:50:16,36.43,15,Singapore,POS Terminal,7,1,0
TXN00705,2024-01-04T22:55:43,186.27,22,Mumbai,Mobile Payment,4,1,0
TXN00140,2024-01-09T07:18:45,118.27,7,Dubai,Mobile Payment,8,1,0
TXN00173,2024-04-21T03:48:40,135.56,3,London,Wire Transfer,3,1,0
TXN00006,2024-04-07T03:22:54,598.88,3,Singapore,POS Terminal,5,1,0
TXN00745,2024-02-03T05:37:54,37.68,5,Dubai,Retail,6,1,0
TXN00478,2024-02-22T16:30:22,3621.55,16,Toronto,Retail,8,0,0
TXN00073,2024-03-06T01:45:27,588.5,1,New York,POS Terminal,4,0,0
TXN00910,2024-03-05T01:31:45,62.22,1,Toronto,POS Terminal,5,0,0
TXN00813,2024-06-27T16:27:14,113.96,16,Toronto,Wire Transfer,6,0,0
TXN00238,2024-01-31T00:31:47,40.68,0,Frankfurt,Online,3,1,0
TXN00145,2024-03-10T16:34:31,230.02,16,Toronto,Retail,1,0,0
TXN00792,2024-04-09T15:58:29,124.7,15,New York,Retail,6,0,0
TXN00234,2024-05-04T19:28:26,1179.37,19,Dubai,Online,2,1,0
TXN00220,2024-06-19T08:23:09,1447.5,8,Toronto,Retail,2,0,0
TXN00923,2024-01-21T14:51:40,38.86,14,New York,ATM,7,0,0
TXN00500,2024-05-18T01:48:46,273.53,1,Toronto,POS Terminal,4,0,0
TXN00132,2024-01-14T08:55:30,25.16,8,London,Retail,7,1,0
TXN00990,2024-03-17T10:23:57,12663.44,13,London,ATM,13,1,1
TXN00774,2024-06-14T17:04:18,189.84,17,London,ATM,2,1,0
TXN00185,2024-02-26T20:12:39,212.05,20,Dubai,Mobile Payment,3,1,0
TXN00041,2024-03-01T05:26:31,110.57,5,Toronto,Online,7,0,0
TXN00696,2024-06-22T10:27:47,133.13,10,London,Retail,1,1,0
TXN00108,2024-06-20T03:36:13,122.62,3,Toronto,Mobile Payment,5,0,0
TXN00588,2024-03-04T21:15:17,243.81,21,Mumbai,Mobile Payment,1,1,0
TXN00056,2024-03-10T09:38:13,32.88,9,Singapore,Online,5,1,0
TXN00405,2024-04-12T14:14:34,190.08,14,Sydney,Retail,3,1,0
TXN00442,2024-01-12T02:43:59,7.53,2,Dubai,POS Terminal,1,1,0
TXN00757,2024-03-23T16:05:06,112.37,16,Tokyo,POS Terminal,1,1,0
TXN00997,2024-03-19T09:32:35,790.33,9,Singapore,ATM,46,1,1
TXN00024,2024-06-12T16:38:12,46.84,16,Tokyo,ATM,3,1,0
TXN00467,2024-04-28T22:13:28,223.41,22,Dubai,Mobile Payment,2,1,0
TXN00539,2024-06-28T12:05:40,45.05,12,Mumbai,POS Terminal,3,1,0
TXN00531,2024-06-14T02:15:35,12.26,2,São Paulo,POS Terminal,5,1,0
TXN00618,2024-02-22T05:40:18,160.33,5,London,Wire Transfer,2,1,0
TXN00694,2024-03-06T20:14:29,183.41,20,Dubai,ATM,8,1,0
TXN00926,2024-02-29T17:24:12,46.03,17,Sydney,POS Terminal,4,1,0
TXN00338,2024-02-25T18:22:03,147.75,18,New York,ATM,8,0,0
TXN00051,2024-01-19T00:29:39,56.71,0,São Paulo,Retail,2,1,0
TXN00507,2024-02-04T13:58:03,31.92,13,Dubai,Mobile Payment,3,1,0
TXN00516,2024-01-05T03:59:54,164.2,3,Tokyo,Wire Transfer,8,1,0
TXN00920,2024-01-09T18:41:53,326.48,18,Frankfurt,Mobile Payment,8,1,0
TXN00781,2024-04-24T11:49:19,18.13,11,Toronto,POS Terminal,2,0,0
TXN00264,2024-03-20T17:24:41,66.48,17,Singapore,Online,2,1,0
TXN00817,2024-05-27T16:07:33,261.79,16,New York,Wire Transfer,4,0,0
TXN00710,2024-03-23T07:21:17,115.96,7,New York,POS Terminal,4,0,0
TXN00682,2024-05-30T16:10:07,47.97,16,Singapore,Mobile Payment,1,1,0
TXN00832,2024-03-11T12:22:42,26.98,12,Frankfurt,Wire Transfer,4,1,0
TXN00518,2024-02-10T08:05:41,101.41,8,Singapore,ATM,2,1,0
TXN00447,2024-01-20T10:38:49,29.14,10,São Paulo,POS Terminal,7,1,0
TXN00018,2024-04-02T07:08:32,30.28,7,Toronto,Retail,1,0,0
TXN00715,2024-05-10T17:13:41,338.31,17,Toronto,ATM,6,0,0
TXN00483,2024-04-11T00:47:39,114.91,0,Sydney,Wire Transfer,7,1,0
TXN00568,2024-02-09T03:10:28,9.54,3,Toronto,ATM,7,0,0
TXN00433,2024-01-04T00:33:46,212.95,0,Dubai,POS Terminal,5,1,0
TXN00367,2024-01-14T03:26:21,91.39,3,Toronto,Retail,3,0,0
TXN00083,2024-01-12T07:30:39,48.33,7,London,Wire Transfer,7,1,0
TXN00061,2024-04-04T18:35:09,72.04,18,Frankfurt,Online,1,1,0
TXN00638,2024-02-28T04:19:47,19.15,4,Toronto,ATM,5,0,0
TXN00272,2024-04-04T21:36:28,363.51,21,Toronto,ATM,7,0,0
TXN00285,2024-05-07T19:34:01,8.65,19,Mumbai,POS Terminal,4,1,0
TXN00360,2024-03-14T22:13:44,167.87,22,Toronto,ATM,8,0,0
TXN00354,2024-02-18T00:28:20,87.99,0,Frankfurt,Online,7,1,0
TXN00456,2024-04-08T00:18:26,79.17,0,Frankfurt,Retail,4,1,0
TXN00278,2024-03-01T12:05:23,97.88,12,Sydney,Retail,6,1,0
TXN00012,2024-06-04T20:10:34,120.34,20,Sydney,Online,8,1,0
TXN00182,2024-04-07T18:22:36,24.9,18,Dubai,Mobile Payment,5,1,0
TXN00368,2024-01-02T17:59:10,101.21,17,Frankfurt,Mobile Payment,8,1,0
TXN00881,2024-03-29T15:34:14,47.61,15,London,Wire Transfer,5,1,0
TXN00615,2024-03-17T07:06:03,105.12,7,Frankfurt,POS Terminal,8,1,0
TXN00223,2024-06-19T13:55:58,13.0,13,New York,ATM,5,0,0
TXN00572,2024-01-24T22:15:22,133.26,22,Frankfurt,POS Terminal,1,1,0
TXN00970,2024-06-25T15:08:32,11256.25,11,Frankfurt,Wire Transfer,7,1,1
TXN00653,2024-03-30T14:16:13,23.86,14,Toronto,ATM,7,0,0
TXN00545,2024-02-12T11:08:47,34.6,11,Dubai,Mobile Payment,2,1,0
TXN00582,2024-05-20T15:03:05,192.35,15,Dubai,Wire Transfer,3,1,0
TXN00633,2024-04-15T08:24:41,53.93,8,Toronto,POS Terminal,8,0,0
TXN00176,2024-05-24T21:50:11,91.43,21,Tokyo,Online,2,1,0
TXN00665,2024-03-19T13:50:56,102.28,13,Singapore,ATM,5,1,0
TXN00673,2024-05-05T02:08:39,57.64,2,Frankfurt,Mobile Payment,7,1,0
TXN00585,2024-05-24T16:20:24,121.25,16,Dubai,Online,1,1,0
TXN00873,2024-06-18T08:47:44,37.45,8,London,Online,3,1,0
TXN00393,2024-06-21T09:46:01,810.58,9,Frankfurt,ATM,1,1,0
TXN00163,2024-02-08T14:34:30,33.62,14,Singapore,ATM,7,1,0
TXN00248,2024-02-07T08:12:11,748.85,8,São Paulo,Online,2,1,0
TXN00634,2024-01-10T05:17:25,26.72,5,Tokyo,POS Terminal,7,1,0
TXN00885,2024-03-15T19:14:50,825.55,19,New York,POS Terminal,6,0,0
TXN00669,2024-04-15T01:55:54,333.56,1,Tokyo,Online,4,1,0
TXN00375,2024-05-09T14:17:12,35.84,14,London,ATM,3,1,0
TXN00412,2024-03-02T07:19:54,14.28,7,Tokyo,Wire Transfer,1,1,0
TXN00074,2024-04-03T13:04:42,3.88,13,Singapore,POS Terminal,6,1,0
TXN00113,2024-03-29T17:27:42,1730.02,17,Singapore,Retail,6,1,0
TXN00598,2024-04-21T20:31:41,52.82,20,Singapore,Online,6,1,0
TXN00961,2024-05-15T09:21:31,11677.08,0,Singapore,ATM,10,1,1
TXN00390,2024-03-24T16:28:07,30.63,16,Sydney,Mobile Payment,8,1,0
TXN00104,2024-04-07T08:48:53,74.18,8,Frankfurt,ATM,2,1,0
TXN00114,2024-01-04T13:52:31,71.46,13,London,Wire Transfer,6,1,0
TXN00417,2024-05-30T23:42:35,103.42,23,Sydney,Wire Transfer,4,1,0
TXN00525,2024-01-27T10:23:56,10.32,10,Dubai,Online,7,1,0
TXN00457,2024-05-26T16:10:43,25.99,16,Frankfurt,Online,3,1,0
TXN00409,2024-06-09T21:27:35,166.89,21,Toronto,Retail,6,0,0
TXN00092,2024-03-11T14:04:45,38.77,14,Dubai,Online,5,1,0
TXN00930,2024-06-17T05:34:38,46.24,5,Toronto,ATM,6,0,0
TXN00089,2024-06-05T23:57:32,166.65,23,Frankfurt,POS Terminal,8,1,0
TXN00336,2024-02-18T05:31:32,33.43,5,Toronto,Wire Transfer,5,0,0
TXN00988,2024-03-17T10:58:05,12573.28,10,Dubai,POS Terminal,1,1,1
TXN00921,2024-05-14T19:44:37,26.26,19,Dubai,Retail,6,1,0
TXN00933,2024-05-20T23:16:23,6.43,23,Toronto,Wire Transfer,7,0,0
TXN00605,2024-03-08T06:15:44,855.9,6,London,ATM,5,1,0
TXN00593,2024-01-15T07:38:14,134.34,7,New York,POS Terminal,8,0,0
TXN00611,2024-02-11T23:04:35,84.21,23,London,ATM,8,1,0
TXN00094,2024-02-29T12:44:09,56.23,12,Sydney,Retail,7,1,0
TXN00011,2024-02-11T11:22:13,51.48,11,Dubai,Mobile Payment,2,1,0
TXN00396,2024-03-14T13:11:49,11.52,13,Tokyo,Mobile Payment,7,1,0
TXN00533,2024-04-10T09:41:03,21.05,9,Sydney,Wire Transfer,7,1,0
TXN00043,2024-03-14T13:44:46,62.72,13,Mumbai,Mobile Payment,8,1,0
TXN00042,2024-01-16T05:24:00,78.35,5,Frankfurt,ATM,8,1,0
TXN00329,2024-05-03T07:51:51,191.33,7,Frankfurt,ATM,8,1,0
TXN00167,2024-02-02T16:37:21,876.69,16,London,Wire Transfer,2,1,0
TXN00497,2024-01-22T18:01:50,71.64,18,Sydney,ATM,1,1,0
TXN00876,2024-06-07T04:05:41,48.37,4,Frankfurt,ATM,4,1,0
TXN00597,2024-05-30T03:21:19,27.81,3,Singapore,Online,3,1,0
TXN00756,2024-05-11T16:28:31,162.71,16,New York,ATM,4,0,0
TXN00100,2024-03-27T21:43:51,16.47,21,Frankfurt,Mobile Payment,3,1,0
TXN00426,2024-05-20T20:43:21,28.28,20,Dubai,Wire Transfer,8,1,0
TXN00178,2024-02-29T14:40:16,65.52,14,Toronto,ATM,1,0,0
TXN00444,2024-01-20T09:10:36,18.81,9,Sydney,POS Terminal,7,1,0
TXN00416,2024-04-06T21:38:38,579.05,21,New York,Retail,4,0,0
TXN00870,2024-06-16T09:45:17,72.8,9,São Paulo,Mobile Payment,7,1,0
TXN00882,2024-04-03T13:16:09,50.03,13,Dubai,Retail,1,1,0
TXN00680,2024-03-28T15:22:48,214.01,15,Sydney,Online,7,1,0
TXN00177,2024-06-05T12:39:43,515.04,12,Sydney,Wire Transfer,3,1,0
TXN00395,2024-05-18T01:59:57,51.26,1,London,Wire Transfer,1,1,0
TXN00911,2024-05-18T22:31:12,117.09,22,São Paulo,Online,6,1,0
TXN00793,2024-01-27T22:33:40,19.45,22,Dubai,Mobile Payment,5,1,0
TXN00960,2024-05-04T19:34:05,997.19,3,New York,Online,1,0,1
TXN00684,2024-06-01T01:42:06,20.77,1,New York,Retail,2,0,0
TXN00383,2024-02-10T12:43:32,47.9,12,Dubai,Mobile Payment,2,1,0
TXN00956,2024-05-13T08:35:30,2237.68,0,São Paulo,Mobile Payment,4,1,1
TXN00751,2024-02-24T21:21:21,17.78,21,Singapore,ATM,4,1,0
TXN00257,2024-01-27T10:45:05,38.51,10,Mumbai,Mobile Payment,3,1,0
TXN00538,2024-04-11T16:18:40,301.13,16,Mumbai,Wire Transfer,7,1,0
TXN00335,2024-03-04T05:52:20,75.45,5,São Paulo,Mobile Payment,6,1,0
TXN00015,2024-01-17T06:58:36,45.84,6,Singapore,Online,8,1,0
TXN00324,2024-06-09T09:39:34,26.92,9,London,POS Terminal,3,1,0
TXN00758,2024-06-09T02:13:42,32.14,2,Sydney,Mobile Payment,7,1,0
TXN00222,2024-05-30T17:35:21,205.1,17,London,Wire Transfer,6,1,0
TXN00179,2024-04-29T09:43:34,2354.78,9,Tokyo,Retail,8,1,0
TXN00983,2024-03-20T23:49:28,663.81,9,Sydney,Retail,29,1,1
TXN00022,2024-01-29T09:27:10,97.62,9,Toronto,Retail,5,0,0
TXN00356,2024-06-29T04:33:13,88.04,4,Mumbai,ATM,8,1,0
TXN00666,2024-05-29T09:29:54,66.29,9,London,Wire Transfer,1,1,0
TXN00861,2024-03-05T17:54:36,14.6,17,New York,Wire Transfer,2,0,0
TXN00340,2024-01-28T13:08:56,33.56,13,Dubai,Mobile Payment,6,1,0
TXN00431,2024-01-03T06:32:29,7.79,6,Singapore,Retail,8,1,0
TXN00551,2024-01-12T15:23:24,74.68,15,Tokyo,Online,1,1,0
TXN00833,2024-05-12T00:47:45,35.82,0,London,Retail,5,1,0
TXN00203,2024-01-16T12:17:12,318.8,12,London,Wire Transfer,2,1,0
TXN00630,2024-01-04T22:39:37,11.81,22,Mumbai,Wire Transfer,2,1,0
TXN00093,2024-03-26T10:57:34,60.75,10,London,Online,3,1,0
TXN00558,2024-04-04T18:31:49,144.51,18,Sydney,Mobile Payment,4,1,0
TXN00068,2024-02-28T07:01:42,138.93,7,Sydney,Wire Transfer,6,1,0
TXN00622,2024-05-24T01:09:48,861.29,1,London,Retail,6,1,0
TXN00284,2024-04-17T20:50:39,1164.03,20,Toronto,Retail,2,0,0
TXN00844,2024-06-23T06:31:47,109.92,6,Sydney,Online,4,1,0
TXN00434,2024-01-05T16:52:44,546.11,16,Frankfurt,Online,2,1,0
TXN00153,2024-05-11T00:42:55,118.95,0,Mumbai,Wire Transfer,7,1,0
TXN00075,2024-06-18T03:46:57,241.36,3,Dubai,POS Terminal,5,1,0
TXN00730,2024-05-21T20:13:12,113.87,20,Sydney,POS Terminal,5,1,0
TXN00446,2024-05-08T23:22:03,139.76,23,London,Wire Transfer,4,1,0
TXN00188,2024-03-24T23:26:11,32.58,23,Sydney,Online,6,1,0
TXN00271,2024-04-24T07:34:15,16.07,7,Dubai,Wire Transfer,4,1,0
TXN00236,2024-01-12T07:25:38,7.92,7,New York,Retail,4,0,0
TXN00487,2024-05-15T20:20:38,24.59,20,Frankfurt,POS Terminal,7,1,0
TXN00117,2024-03-23T07:53:59,22.14,7,London,ATM,8,1,0
TXN00943,2024-02-28T23:41:54,79.92,23,São Paulo,Retail,7,1,0
TXN00512,2024-01-24T23:29:40,67.58,23,Singapore,Retail,7,1,0
TXN00825,2024-02-11T12:40:00,514.95,12,London,Online,8,1,0
TXN00591,2024-06-29T22:22:36,50.74,22,São Paulo,Online,4,1,0
TXN00126,2024-01-31T23:12:20,27.42,23,London,Mobile Payment,3,1,0
TXN00116,2024-06-06T17:49:30,86.34,17,Toronto,Wire Transfer,5,0,0
TXN00473,2024-05-24T20:43:41,464.17,20,Frankfurt,ATM,7,1,0
TXN00693,2024-02-08T02:49:32,188.5,2,London,Mobile Payment,2,1,0
TXN00057,2024-05-09T15:16:57,62.11,15,New York,Retail,7,0,0
TXN00863,2024-04-25T23:21:16,776.7,23,Singapore,ATM,5,1,0
TXN00912,2024-03-23T23:29:17,121.42,23,São Paulo,POS Terminal,3,1,0
TXN00369,2024-05-02T20:12:48,35.6,20,Dubai,ATM,5,1,0
TXN00268,2024-06-18T10:56:49,53.09,10,São Paulo,Online,7,1,0
TXN00046,2024-01-15T16:05:54,51.79,16,Tokyo,Retail,2,1,0
TXN00349,2024-05-09T16:34:31,69.68,16,São Paulo,ATM,8,1,0
TXN00195,2024-06-07T17:20:58,142.93,17,São Paulo,Online,2,1,0
TXN00999,2024-05-02T15:51:02,1703.74,3,Toronto,Wire Transfer,3,0,1
TXN00834,2024-05-23T18:22:22,86.35,18,Dubai,Online,4,1,0
TXN00736,2024-06-20T01:12:17,122.39,1,Tokyo,ATM,5,1,0
TXN00263,2024-06-16T22:42:25,26.33,22,Tokyo,POS Terminal,2,1,0
TXN00443,2024-02-15T10:01:13,80.89,10,São Paulo,Online,7,1,0
TXN00675,2024-04-05T00:57:20,35.4,0,Mumbai,Online,1,1,0
TXN00304,2024-04-03T16:51:47,87.79,16,Tokyo,Retail,3,1,0
TXN00341,2024-04-13T11:02:25,120.59,11,New York,POS Terminal,4,0,0
TXN00966,2024-06-25T22:57:33,1575.16,1,Singapore,Retail,2,1,1
TXN00149,2024-03-12T05:37:27,128.56,5,Toronto,Retail,8,0,0
TXN00124,2024-05-01T17:33:22,182.04,17,Frankfurt,Mobile Payment,6,1,0
TXN00786,2024-06-16T04:23:25,244.86,4,Sydney,POS Terminal,5,1,0
TXN00050,2024-04-11T04:42:41,132.81,4,Dubai,Wire Transfer,6,1,0
TXN00353,2024-02-07T21:15:02,74.3,21,São Paulo,Mobile Payment,2,1,0
TXN00927,2024-05-25T20:11:35,141.55,20,Mumbai,Wire Transfer,2,1,0
TXN00142,2024-04-18T03:34:14,13.08,3,Tokyo,ATM,3,1,0
TXN00470,2024-06-02T15:37:25,64.71,15,Mumbai,POS Terminal,7,1,0
TXN00399,2024-01-31T05:34:25,397.57,5,Mumbai,Online,4,1,0
TXN00625,2024-05-01T09:05:25,48.74,9,New York,POS Terminal,3,0,0
TXN00320,2024-06-23T16:22:08,101.13,16,Mumbai,Mobile Payment,3,1,0
TXN00019,2024-01-29T04:40:10,16.53,4,Frankfurt,POS Terminal,2,1,0
TXN00809,2024-05-13T16:43:26,30.77,16,Tokyo,POS Terminal,2,1,0
TXN00790,2024-05-03T11:02:14,150.74,11,Toronto,Online,2,0,0
TXN00808,2024-02-28T12:24:08,406.23,12,London,Retail,4,1,0
TXN00407,2024-03-01T09:56:09,75.88,9,Mumbai,Online,7,1,0
TXN00537,2024-05-30T02:00:16,56.74,2,Sydney,Retail,1,1,0
TXN00620,2024-02-17T11:56:24,34.86,11,Singapore,Online,8,1,0
TXN00038,2024-01-28T07:12:12,18.29,7,Mumbai,Wire Transfer,3,1,0
TXN00175,2024-03-16T11:23:27,242.89,11,Tokyo,Online,7,1,0
TXN00245,2024-04-11T09:47:21,60.26,9,Sydney,ATM,3,1,0
TXN00828,2024-06-01T01:49:52,54.37,1,Tokyo,Mobile Payment,8,1,0
TXN00667,2024-06-11T18:37:39,547.19,18,London,Wire Transfer,4,1,0
TXN00754,2024-01-11T21:56:20,28.81,21,Frankfurt,Retail,7,1,0
TXN00858,2024-03-01T17:27:54,46.4,17,Frankfurt,Online,3,1,0
TXN00154,2024-01-14T06:33:23,127.96,6,São Paulo,Wire Transfer,8,1,0
TXN00287,2024-05-26T13:11:42,182.36,13,London,POS Terminal,6,1,0
TXN00602,2024-06-12T18:06:59,255.58,18,Toronto,Online,6,0,0
TXN00569,2024-01-31T17:22:49,59.04,17,Sydney,Wire Transfer,5,1,0
TXN00743,2024-02-19T09:28:11,92.88,9,London,Online,3,1,0
TXN00017,2024-05-23T17:16:47,131.25,17,São Paulo,Wire Transfer,7,1,0
TXN00127,2024-02-19T06:47:30,45.62,6,Dubai,Mobile Payment,5,1,0
TXN00322,2024-03-18T05:10:20,33.72,5,Sydney,ATM,5,1,0
TXN00255,2024-05-28T17:50:47,50.35,17,New York,Wire Transfer,4,0,0
TXN00657,2024-02-18T04:33:48,87.45,4,Sydney,Retail,7,1,0
TXN00964,2024-04-07T16:43:39,1543.33,4,Frankfurt,ATM,2,1,1
TXN00190,2024-03-16T23:55:21,52.68,23,London,Wire Transfer,2,1,0
TXN00115,2024-06-11T14:45:09,129.26,14,Frankfurt,Online,5,1,0
TXN00616,2024-02-09T01:23:00,102.64,1,Frankfurt,Retail,5,1,0
TXN00606,2024-01-28T23:00:03,35.57,23,Frankfurt,Wire Transfer,7,1,0
TXN00180,2024-03-29T18:19:40,190.72,18,Frankfurt,Mobile Payment,5,1,0
TXN00301,2024-03-19T14:38:45,45.96,14,Frankfurt,Online,8,1,0
TXN00759,2024-01-27T06:34:53,208.59,6,Frankfurt,Mobile Payment,2,1,0
TXN00712,2024-04-23T18:28:05,46.81,18,Toronto,Wire Transfer,6,0,0
TXN00723,2024-04-27T21:37:32,219.62,21,Tokyo,Wire Transfer,1,1,0
TXN00685,2024-04-16T14:24:07,211.79,14,Mumbai,ATM,8,1,0
TXN00979,2024-04-26T18:57:45,2706.37,0,Singapore,Mobile Payment,3,1,1
TXN00517,2024-01-01T13:12:44,27.85,13,Tokyo,Mobile Payment,5,1,0
TXN00984,2024-06-08T08:00:29,13120.34,17,São Paulo,Wire Transfer,5,1,1
TXN00045,2024-03-21T01:03:37,37.95,1,Toronto,POS Terminal,3,0,0
TXN00909,2024-04-22T23:12:01,1207.02,23,Frankfurt,ATM,3,1,0
TXN00157,2024-03-20T17:00:35,158.95,17,Frankfurt,Retail,4,1,0
TXN00851,2024-05-08T11:25:55,46.22,11,Tokyo,Wire Transfer,2,1,0
TXN00171,2024-06-09T22:56:48,33.82,22,Toronto,POS Terminal,1,0,0
TXN00016,2024-04-11T20:29:09,26.7,20,Dubai,Online,4,1,0
TXN00511,2024-06-26T11:29:31,84.75,11,Singapore,POS Terminal,1,1,0
TXN00048,2024-06-07T02:26:42,135.96,2,São Paulo,POS Terminal,6,1,0
TXN00971,2024-05-01T04:10:12,580.57,0,Frankfurt,Online,3,1,1
TXN00940,2024-03-24T15:11:31,19.37,15,São Paulo,Retail,5,1,0
TXN00515,2024-03-28T21:48:03,222.84,21,New York,Retail,8,0,0
TXN00952,2024-02-18T10:22:38,40326.61,10,São Paulo,Wire Transfer,2,1,1
TXN00480,2024-01-06T10:41:06,77.21,10,Tokyo,Mobile Payment,4,1,0
TXN00283,2024-01-29T09:15:19,20.38,9,London,Retail,4,1,0
TXN00718,2024-01-01T10:22:53,58.19,10,Dubai,POS Terminal,6,1,0
TXN00877,2024-03-04T23:18:28,117.75,23,Tokyo,Online,3,1,0
TXN00225,2024-02-27T03:22:54,332.53,3,Mumbai,ATM,2,1,0
TXN00026,2024-01-05T03:59:23,22.62,3,Dubai,Online,1,1,0
TXN00954,2024-01-14T07:39:59,2671.88,2,Singapore,Mobile Payment,1,1,1
TXN00437,2024-04-27T18:15:44,17.18,18,Sydney,ATM,2,1,0
TXN00951,2024-03-09T13:20:43,12726.25,14,Singapore,ATM,2,1,1
TXN00364,2024-06-16T08:47:30,206.06,8,Sydney,Online,5,1,0
TXN00229,2024-02-16T04:36:42,203.47,4,Frankfurt,Retail,3,1,0
TXN00037,2024-06-21T20:41:06,8.57,20,New York,Wire Transfer,6,0,0
TXN00965,2024-06-03T10:28:34,1016.89,1,Tokyo,ATM,2,1,1
TXN00374,2024-03-13T14:41:34,1192.51,14,Mumbai,Wire Transfer,3,1,0
TXN00469,2024-06-17T04:45:27,45.11,4,Frankfurt,Retail,8,1,0
TXN00967,2024-05-22T17:46:07,1293.99,1,Singapore,Wire Transfer,1,1,1
TXN00850,2024-01-14T16:51:27,42.62,16,Toronto,POS Terminal,1,0,0
TXN00704,2024-01-29T13:28:02,13.9,13,London,ATM,6,1,0
TXN00841,2024-03-21T13:22:33,202.31,13,Mumbai,Retail,5,1,0
TXN00194,2024-06-12T11:06:43,110.81,11,Sydney,Wire Transfer,1,1,0
TXN00854,2024-02-17T17:16:15,495.02,17,Dubai,Wire Transfer,6,1,0
TXN00864,2024-03-29T00:26:07,43.15,0,Singapore,Mobile Payment,4,1,0
TXN00503,2024-03-01T06:51:47,176.9,6,São Paulo,Mobile Payment,6,1,0
TXN00969,2024-01-07T19:39:17,1990.9,1,Singapore,Retail,1,1,1
TXN00830,2024-01-09T19:32:33,17.93,19,Sydney,POS Terminal,3,1,0
TXN00579,2024-04-11T15:01:24,355.14,15,Frankfurt,Online,6,1,0
TXN00968,2024-04-15T09:28:47,236.76,11,Tokyo,Online,28,1,1
TXN00162,2024-01-01T09:46:19,361.52,9,São Paulo,POS Terminal,8,1,0
TXN00908,2024-02-02T15:14:20,195.31,15,Mumbai,Mobile Payment,6,1,0
TXN00152,2024-04-26T02:20:16,39.8,2,Singapore,Retail,7,1,0
TXN00801,2024-05-02T06:37:10,48.46,6,Frankfurt,Retail,4,1,0
TXN00993,2024-06-04T10:16:33,934.39,17,Toronto,POS Terminal,43,0,1
TXN00755,2024-03-06T17:46:18,2119.34,17,New York,POS Terminal,6,0,0
TXN00111,2024-04-11T22:12:04,87.2,22,São Paulo,Mobile Payment,4,1,0
TXN00226,2024-03-12T18:14:51,97.24,18,Frankfurt,POS Terminal,1,1,0
TXN00688,2024-04-17T03:32:46,211.27,3,São Paulo,Retail,5,1,0
TXN00103,2024-03-07T12:20:13,34.37,12,Toronto,ATM,6,0,0
TXN00421,2024-03-19T08:23:32,739.82,8,Toronto,Wire Transfer,2,0,0
TXN00419,2024-05-02T07:44:38,97.61,7,Sydney,Wire Transfer,4,1,0
TXN00750,2024-04-16T17:34:25,29.73,17,London,ATM,4,1,0
TXN00586,2024-03-22T19:14:01,51.87,19,Dubai,Retail,8,1,0
TXN00780,2024-03-11T11:08:43,111.41,11,Singapore,Wire Transfer,8,1,0
TXN00672,2024-01-02T14:17:13,59.67,14,Tokyo,POS Terminal,3,1,0
TXN00119,2024-05-06T10:11:31,221.92,10,Sydney,ATM,5,1,0
TXN00053,2024-03-03T11:18:10,187.54,11,Toronto,POS Terminal,5,0,0
TXN00151,2024-04-15T22:31:18,136.42,22,Frankfurt,POS Terminal,1,1,0
TXN00403,2024-03-02T06:04:06,95.24,6,São Paulo,Retail,8,1,0
TXN00945,2024-03-24T16:44:14,24.93,16,Tokyo,Retail,7,1,0
TXN00207,2024-06-01T00:17:54,166.76,0,Tokyo,Online,5,1,0
TXN00658,2024-06-18T10:43:08,114.17,10,New York,Mobile Payment,8,0,0
TXN00843,2024-05-01T10:22:13,142.44,10,São Paulo,ATM,3,1,0
TXN00762,2024-05-27T07:58:16,1943.22,7,Frankfurt,Wire Transfer,8,1,0
TXN00008,2024-05-21T09:53:40,51.25,9,São Paulo,ATM,4,1,0
TXN00807,2024-02-12T23:43:21,50.68,23,Toronto,POS Terminal,2,0,0
TXN00036,2024-06-17T13:22:27,115.66,13,Frankfurt,Wire Transfer,1,1,0
TXN00452,2024-03-22T11:06:05,27.58,11,New York,ATM,8,0,0
TXN00651,2024-06-14T05:38:51,347.89,5,New York,Online,5,0,0
TXN00253,2024-04-28T14:02:03,310.74,14,Singapore,ATM,2,1,0
TXN00303,2024-03-11T20:50:03,187.25,20,London,Mobile Payment,7,1,0
TXN00746,2024-04-29T22:59:09,112.63,22,New York,Online,6,0,0
TXN00571,2024-06-29T22:38:02,672.99,22,Sydney,ATM,3,1,0
TXN00623,2024-05-18T13:48:37,452.37,13,Sydney,POS Terminal,1,1,0
TXN00732,2024-05-08T17:44:40,146.92,17,Singapore,Mobile Payment,2,1,0
TXN00891,2024-06-07T14:17:44,165.46,14,São Paulo,Wire Transfer,4,1,0
TXN00262,2024-03-26T02:37:42,1.84,2,Tokyo,ATM,5,1,0
TXN00610,2024-03-22T08:06:04,197.4,8,Singapore,Online,7,1,0
TXN00297,2024-03-10T03:51:23,130.16,3,Frankfurt,Wire Transfer,8,1,0
TXN00414,2024-03-03T08:13:21,134.13,8,London,Wire Transfer,6,1,0
TXN00150,2024-03-30T13:21:20,121.58,13,London,Online,6,1,0
TXN00788,2024-05-08T00:42:15,82.75,0,São Paulo,Mobile Payment,3,1,0
TXN00640,2024-04-14T23:31:48,60.16,23,Mumbai,ATM,1,1,0
TXN00889,2024-03-13T20:47:34,340.51,20,Dubai,Wire Transfer,4,1,0
TXN00550,2024-02-28T23:32:00,99.87,23,New York,Retail,4,0,0
TXN00886,2024-02-18T13:56:35,181.4,13,Frankfurt,Wire Transfer,4,1,0
TXN00488,2024-05-30T03:22:22,681.69,3,Toronto,POS Terminal,3,0,0
TXN00147,2024-02-28T21:53:55,18.46,21,São Paulo,POS Terminal,1,1,0
TXN00146,2024-04-20T23:20:38,20.4,23,Dubai,Retail,2,1,0
TXN00720,2024-04-14T03:16:39,130.24,3,Sydney,Online,2,1,0
TXN00931,2024-05-20T10:54:23,860.39,10,Frankfurt,Mobile Payment,7,1,0
TXN00739,2024-03-01T16:50:50,304.07,16,Dubai,Mobile Payment,1,1,0
TXN00659,2024-03-16T08:58:26,75.7,8,Frankfurt,Wire Transfer,1,1,0
TXN00348,2024-02-11T12:39:47,38.01,12,Dubai,POS Terminal,6,1,0
TXN00463,2024-04-20T20:38:08,116.37,20,Dubai,ATM,4,1,0
TXN00325,2024-05-31T18:09:10,20.97,18,São Paulo,Mobile Payment,6,1,0
TXN00186,2024-06-09T03:57:40,158.84,3,New York,ATM,8,0,0
TXN00123,2024-01-24T09:14:25,16.74,9,Sydney,ATM,6,1,0
TXN00853,2024-04-07T18:06:20,374.96,18,Singapore,POS Terminal,5,1,0
TXN00608,2024-01-26T15:50:55,10.65,15,São Paulo,Mobile Payment,4,1,0
TXN00143,2024-01-19T01:10:50,112.34,1,Dubai,POS Terminal,5,1,0
TXN00958,2024-06-16T00:04:24,696.68,22,Singapore,Retail,46,1,1
TXN00197,2024-01-30T04:02:02,108.25,4,Dubai,Wire Transfer,2,1,0
TXN00609,2024-02-11T14:04:51,541.99,14,New York,ATM,1,0,0
TXN00279,2024-01-26T22:41:21,56.69,22,Tokyo,Online,1,1,0
TXN00293,2024-06-27T15:40:11,249.52,15,Tokyo,Retail,8,1,0
TXN00400,2024-01-01T00:19:29,13.29,0,Mumbai,Wire Transfer,7,1,0
TXN00122,2024-06-25T15:41:45,484.61,15,Toronto,Wire Transfer,1,0,0
TXN00183,2024-01-06T21:25:17,160.61,21,New York,POS Terminal,1,0,0
TXN00202,2024-03-01T11:06:43,330.19,11,Singapore,POS Terminal,6,1,0
TXN00438,2024-06-16T20:48:02,11.66,20,London,Wire Transfer,7,1,0
TXN00246,2024-01-20T16:40:07,50.91,16,Mumbai,POS Terminal,4,1,0
TXN00415,2024-01-24T17:46:53,36.66,17,Sydney,Retail,5,1,0
TXN00932,2024-03-23T19:15:36,15.84,19,Mumbai,Online,7,1,0
TXN00765,2024-06-28T02:22:59,38.71,2,Mumbai,Retail,5,1,0
TXN00906,2024-04-05T02:15:10,17.6,2,Toronto,Retail,6,0,0
TXN00835,2024-04-26T12:36:00,119.23,12,Dubai,Online,7,1,0
TXN00887,2024-02-11T22:47:41,58.49,22,Frankfurt,Wire Transfer,4,1,0
TXN00129,2024-01-04T22:34:08,49.2,22,Dubai,Retail,1,1,0
TXN00637,2024-03-27T09:19:17,98.3,9,Toronto,Mobile Payment,2,0,0
TXN00402,2024-01-29T01:51:42,90.59,1,Frankfurt,POS Terminal,1,1,0
TXN00784,2024-01-05T16:40:01,176.22,16,São Paulo,POS Terminal,7,1,0
TXN00770,2024-02-01T01:00:36,210.46,1,São Paulo,Wire Transfer,2,1,0
TXN00735,2024-01-04T16:06:01,158.72,16,Frankfurt,Online,1,1,0
TXN00913,2024-01-18T16:09:28,597.61,16,Dubai,ATM,6,1,0
TXN00219,2024-04-12T13:46:06,99.31,13,Singapore,Wire Transfer,6,1,0
TXN00641,2024-05-11T05:04:19,667.02,5,Mumbai,Wire Transfer,3,1,0
TXN00915,2024-01-05T19:54:23,125.82,19,São Paulo,Online,6,1,0
TXN00752,2024-06-07T16:30:35,27.91,16,New York,Retail,6,0,0
TXN00806,2024-04-15T19:09:50,117.51,19,São Paulo,Online,5,1,0
TXN00919,2024-02-15T01:12:06,113.63,1,Toronto,Online,2,0,0
TXN00624,2024-04-09T16:26:34,609.0,16,Toronto,POS Terminal,4,0,0
TXN00874,2024-04-11T03:06:04,86.51,3,Toronto,POS Terminal,1,0,0
TXN00760,2024-06-24T04:01:29,45.12,4,Singapore,Retail,2,1,0
TXN00386,2024-06-28T17:58:30,135.65,17,Mumbai,Mobile Payment,4,1,0
TXN00972,2024-06-20T06:48:13,15437.28,15,Toronto,Mobile Payment,3,0,1
TXN00509,2024-05-05T04:36:40,33.21,4,Dubai,Mobile Payment,7,1,0
TXN00267,2024-02-05T04:04:18,16.18,4,London,POS Terminal,1,1,0
TXN00819,2024-06-15T18:16:16,323.3,18,Mumbai,Wire Transfer,6,1,0
TXN00441,2024-05-15T01:14:13,86.55,1,São Paulo,Wire Transfer,5,1,0
TXN00496,2024-04-14T21:31:26,25.93,21,Toronto,Wire Transfer,3,0,0
TXN00112,2024-01-27T22:49:19,96.76,22,São Paulo,Retail,1,1,0
TXN00691,2024-01-11T17:31:58,361.84,17,Sydney,Mobile Payment,8,1,0
TXN00232,2024-05-25T19:05:56,95.08,19,New York,Online,3,0,0
TXN00869,2024-01-19T02:10:21,1004.5,2,Sydney,ATM,6,1,0
TXN00607,2024-02-12T13:31:56,20.21,13,Frankfurt,ATM,7,1,0
TXN00671,2024-02-16T02:31:21,7.48,2,Tokyo,ATM,1,1,0
TXN00373,2024-01-10T00:19:36,284.61,0,São Paulo,Retail,6,1,0
TXN00981,2024-05-14T22:24:46,1446.7,3,Tokyo,ATM,1,1,1
TXN00842,2024-03-04T09:05:25,23.4,9,Singapore,Retail,3,1,0
TXN00233,2024-06-07T01:43:05,41.19,1,Dubai,Wire Transfer,7,1,0
TXN00785,2024-05-31T06:58:02,329.29,6,Mumbai,ATM,8,1,0
TXN00676,2024-06-22T00:40:46,23.74,0,Sydney,Online,6,1,0
TXN00317,2024-05-21T04:39:56,62.03,4,London,Retail,5,1,0
TXN00648,2024-04-08T01:10:54,68.23,1,São Paulo,Online,4,1,0
TXN00410,2024-06-13T21:24:50,211.44,21,Mumbai,ATM,7,1,0
TXN00898,2024-04-07T00:07:49,382.91,0,Sydney,Wire Transfer,8,1,0
TXN00709,2024-05-09T15:54:31,689.35,15,Tokyo,Retail,8,1,0
TXN00358,2024-05-19T11:43:49,132.59,11,Dubai,POS Terminal,8,1,0
TXN00258,2024-01-11T07:45:28,153.33,7,Toronto,POS Terminal,3,0,0
TXN00744,2024-05-11T03:24:02,167.53,3,Frankfurt,ATM,5,1,0
TXN00627,2024-01-11T13:05:43,77.41,13,Frankfurt,Online,3,1,0
TXN00632,2024-01-28T18:49:06,74.47,18,Dubai,POS Terminal,6,1,0
TXN00282,2024-02-25T04:35:46,603.79,4,São Paulo,POS Terminal,7,1,0
TXN00376,2024-04-27T20:16:45,256.41,20,Tokyo,Retail,6,1,0
TXN00384,2024-06-12T09:23:39,36.2,9,Sydney,Online,3,1,0
TXN00224,2024-03-31T03:36:32,51.09,3,Sydney,Online,8,1,0
TXN00953,2024-06-08T04:28:02,999.21,2,London,Retail,2,1,1
TXN00814,2024-05-30T23:58:48,310.51,23,São Paulo,Retail,7,1,0
TXN00472,2024-01-28T07:42:42,14.61,7,Singapore,Online,1,1,0
TXN00347,2024-02-08T19:57:32,16.63,19,Tokyo,ATM,6,1,0
TXN00505,2024-02-22T01:36:22,50.17,1,Mumbai,ATM,3,1,0
TXN00639,2024-04-16T19:41:05,19.03,19,Sydney,Wire Transfer,4,1,0
TXN00987,2024-02-07T01:41:22,14105.73,8,São Paulo,POS Terminal,3,1,1
TXN00928,2024-06-12T18:22:43,589.12,18,Toronto,Mobile Payment,7,0,0
TXN00905,2024-01-11T18:50:44,95.18,18,Toronto,Mobile Payment,3,0,0
TXN00619,2024-03-19T12:30:31,117.76,12,Dubai,Retail,7,1,0
TXN00855,2024-04-03T05:31:27,45.38,5,Sydney,Wire Transfer,6,1,0
TXN00803,2024-05-26T04:03:10,51.69,4,Dubai,Online,7,1,0
TXN00645,2024-06-23T00:15:23,64.89,0,Toronto,POS Terminal,8,0,0
TXN00846,2024-02-09T03:07:58,127.36,3,London,Mobile Payment,8,1,0
TXN00556,2024-03-24T02:35:29,50.14,2,New York,ATM,4,0,0
TXN00957,2024-05-14T01:16:10,19928.57,17,New York,Wire Transfer,2,0,1
TXN00577,2024-01-20T00:04:12,227.02,0,Toronto,Online,2,0,0
TXN00795,2024-04-03T18:41:57,318.55,18,London,POS Terminal,5,1,0
TXN00085,2024-03-03T04:41:44,49.3,4,New York,Retail,7,0,0
TXN00242,2024-06-12T13:18:07,165.01,13,Frankfurt,Retail,6,1,0
TXN00698,2024-04-22T19:17:56,272.83,19,London,ATM,6,1,0
TXN00159,2024-05-10T22:17:26,197.92,22,Toronto,Wire Transfer,4,0,0
TXN00524,2024-05-02T02:14:24,36.02,2,London,Mobile Payment,2,1,0
TXN00035,2024-03-03T15:51:26,20.8,15,Sydney,Retail,2,1,0
TXN00540,2024-03-12T02:19:05,245.39,2,Mumbai,Online,3,1,0
TXN00170,2024-06-15T02:54:21,30.96,2,Mumbai,Wire Transfer,6,1,0
TXN00654,2024-05-29T03:00:32,1974.42,3,Singapore,POS Terminal,5,1,0
TXN00890,2024-01-18T05:08:18,240.95,5,London,Mobile Payment,8,1,0
TXN00857,2024-05-27T21:14:52,158.49,21,London,Mobile Payment,5,1,0
TXN00847,2024-06-06T00:48:54,1713.61,0,Mumbai,Retail,8,1,0
TXN00944,2024-01-14T09:33:02,825.48,9,Singapore,POS Terminal,3,1,0
TXN00733,2024-03-31T17:30:37,11.67,17,São Paulo,Mobile Payment,7,1,0
TXN00095,2024-04-14T10:34:29,15.55,10,Frankfurt,Retail,4,1,0
TXN00563,2024-05-13T13:44:57,60.87,13,Singapore,Wire Transfer,2,1,0
TXN00240,2024-01-19T12:55:47,34.78,12,New York,Wire Transfer,1,0,0
TXN00742,2024-06-11T22:45:41,42.53,22,Singapore,POS Terminal,4,1,0
TXN00574,2024-04-25T17:47:35,243.54,17,Sydney,Retail,8,1,0
TXN00690,2024-05-13T06:22:45,58.37,6,Frankfurt,ATM,3,1,0
TXN00460,2024-03-05T07:46:40,951.15,7,Toronto,POS Terminal,4,0,0
TXN00553,2024-03-04T13:58:46,122.16,13,Singapore,ATM,2,1,0
TXN00888,2024-03-08T02:27:40,182.87,2,Sydney,POS Terminal,5,1,0
TXN00206,2024-05-21T06:37:13,167.01,6,Sydney,ATM,3,1,0
TXN00392,2024-05-11T13:29:36,18.46,13,New York,POS Terminal,8,0,0
TXN00794,2024-05-28T17:36:11,24.6,17,Frankfurt,Mobile Payment,7,1,0
TXN00397,2024-04-05T12:28:55,456.98,12,Frankfurt,Wire Transfer,2,1,0
TXN00766,2024-06-24T09:38:05,86.32,9,Dubai,Wire Transfer,7,1,0
TXN00848,2024-04-05T19:20:31,41.88,19,São Paulo,ATM,8,1,0
TXN00217,2024-01-26T22:07:54,67.75,22,Mumbai,Mobile Payment,4,1,0
TXN00004,2024-04-24T18:17:51,67.97,18,New York,Online,7,0,0
TXN00768,2024-02-04T23:25:50,42.42,23,Mumbai,ATM,3,1,0
TXN00642,2024-05-14T18:01:11,65.92,18,Sydney,Online,1,1,0
TXN00929,2024-01-27T05:50:11,83.19,5,Mumbai,Wire Transfer,6,1,0
TXN00612,2024-06-29T00:27:41,125.96,0,Tokyo,POS Terminal,7,1,0
TXN00738,2024-04-01T14:06:39,664.19,14,Mumbai,Online,7,1,0
TXN00546,2024-01-08T10:51:27,179.92,10,Dubai,POS Terminal,2,1,0
TXN00725,2024-05-10T05:44:37,72.18,5,Tokyo,Mobile Payment,3,1,0
TXN00683,2024-04-06T20:16:49,161.94,20,Mumbai,POS Terminal,1,1,0
TXN00098,2024-04-17T17:47:47,90.57,17,Mumbai,POS Terminal,4,1,0
TXN00804,2024-06-02T18:40:01,53.44,18,Dubai,Retail,4,1,0
TXN00727,2024-04-17T19:58:44,136.61,19,Sydney,ATM,7,1,0
TXN00573,2024-06-22T09:16:52,69.21,9,Tokyo,Retail,7,1,0
TXN00406,2024-05-08T09:14:52,25.0,9,São Paulo,ATM,6,1,0
TXN00502,2024-04-25T08:22:55,16.81,8,London,Wire Transfer,2,1,0
TXN00047,2024-06-21T07:25:07,320.07,7,São Paulo,Online,1,1,0
TXN00032,2024-05-30T07:00:04,88.57,7,New York,Online,2,0,0
TXN00779,2024-04-19T05:00:20,189.58,5,Sydney,Online,7,1,0
TXN00839,2024-04-27T21:29:57,69.63,21,São Paulo,Retail,8,1,0
TXN00200,2024-04-16T20:06:53,138.29,20,Toronto,POS Terminal,7,0,0
TXN00134,2024-05-24T09:05:15,29.87,9,London,POS Terminal,7,1,0
TXN00027,2024-03-02T18:05:05,141.29,18,Toronto,Retail,3,0,0
TXN00880,2024-05-31T19:29:40,1867.43,19,São Paulo,Wire Transfer,5,1,0
TXN00230,2024-06-11T00:05:47,37.47,0,Mumbai,Online,7,1,0
TXN00489,2024-06-21T22:51:19,259.3,22,São Paulo,POS Terminal,2,1,0
TXN00772,2024-06-14T16:09:10,192.27,16,Tokyo,Online,5,1,0
TXN00378,2024-04-19T16:20:05,1246.09,16,Frankfurt,Mobile Payment,2,1,0
TXN00288,2024-01-18T16:34:32,126.11,16,Mumbai,POS Terminal,1,1,0
TXN00418,2024-03-26T09:58:00,370.61,9,Sydney,Online,2,1,0
TXN00674,2024-04-13T13:30:24,16.63,13,New York,Retail,4,0,0
TXN00391,2024-01-24T16:28:51,162.44,16,New York,Wire Transfer,3,0,0
TXN00592,2024-05-06T17:19:11,159.94,17,Toronto,Retail,2,0,0
TXN00498,2024-03-11T07:34:18,31.48,7,Tokyo,Wire Transfer,8,1,0
TXN00138,2024-03-08T21:05:10,238.94,21,Sydney,Online,2,1,0
TXN00062,2024-03-19T11:57:59,23.86,11,New York,ATM,4,0,0
TXN00471,2024-05-19T01:50:23,5.68,1,Mumbai,POS Terminal,2,1,0
TXN00647,2024-03-07T23:53:44,84.34,23,London,ATM,1,1,0
TXN00128,2024-01-26T06:18:14,101.45,6,Singapore,Online,5,1,0
TXN00976,2024-03-15T14:25:56,796.31,12,Tokyo,Wire Transfer,39,1,1
TXN00520,2024-06-09T09:46:44,12.14,9,Sydney,Wire Transfer,2,1,0
TXN00838,2024-06-26T14:24:36,293.3,14,Toronto,Online,6,0,0
TXN00962,2024-06-09T09:15:32,830.7,18,Frankfurt,Retail,33,1,1
TXN00064,2024-06-07T23:09:59,238.66,23,Sydney,Online,3,1,0
TXN00812,2024-06-22T20:27:33,511.0,20,Frankfurt,ATM,1,1,0
TXN00014,2024-01-15T07:52:02,11.36,7,Singapore,Wire Transfer,5,1,0
TXN00156,2024-06-27T15:07:01,844.66,15,São Paulo,Online,3,1,0
TXN00040,2024-05-20T03:03:41,218.36,3,Mumbai,Retail,2,1,0
TXN00492,2024-06-01T04:36:24,98.77,4,Frankfurt,Online,8,1,0
TXN00379,2024-02-17T04:30:20,34.13,4,Sydney,Retail,5,1,0
TXN00187,2024-01-09T18:23:46,82.48,18,Tokyo,Retail,5,1,0
TXN00763,2024-06-10T12:27:20,80.22,12,New York,Wire Transfer,2,0,0
TXN00216,2024-04-07T19:33:18,35.61,19,Toronto,POS Terminal,7,0,0
TXN00791,2024-03-08T11:14:02,115.49,11,Sydney,POS Terminal,6,1,0
TXN00052,2024-05-17T06:32:16,39.95,6,Tokyo,ATM,2,1,0
TXN00878,2024-01-08T01:42:22,88.26,1,Singapore,Wire Transfer,8,1,0
TXN00337,2024-05-07T00:05:25,61.21,0,Mumbai,Wire Transfer,4,1,0
TXN00748,2024-05-05T18:35:22,43.21,18,London,Mobile Payment,6,1,0
TXN00719,2024-06-28T03:02:57,84.07,3,Tokyo,Wire Transfer,3,1,0
TXN00724,2024-05-15T23:03:35,110.5,23,Frankfurt,POS Terminal,8,1,0
TXN00295,2024-03-20T16:25:52,39.19,16,Mumbai,Wire Transfer,5,1,0
TXN00701,2024-06-27T23:03:54,316.97,23,Tokyo,Retail,7,1,0
TXN00251,2024-02-08T14:04:30,270.81,14,Toronto,Mobile Payment,5,0,0
TXN00726,2024-01-27T12:42:38,92.03,12,São Paulo,ATM,7,1,0
TXN00461,2024-04-27T03:08:19,93.91,3,New York,Wire Transfer,6,0,0
TXN00455,2024-01-23T11:35:05,34.76,11,São Paulo,POS Terminal,6,1,0
TXN00996,2024-01-12T10:22:35,528.24,1,Dubai,Retail,3,1,1
TXN00815,2024-02-04T08:30:49,15.14,8,Sydney,Retail,5,1,0
TXN00862,2024-06-25T05:03:13,576.52,5,Dubai,Wire Transfer,2,1,0
TXN00269,2024-02-09T05:11:53,105.31,5,São Paulo,Online,8,1,0
TXN00201,2024-03-12T01:44:23,176.43,1,Sydney,Wire Transfer,8,1,0
TXN00161,2024-01-18T08:49:50,231.48,8,Frankfurt,ATM,5,1,0
TXN00555,2024-05-12T01:25:04,54.91,1,Toronto,ATM,5,0,0
TXN00729,2024-06-03T22:56:47,35.38,22,Mumbai,ATM,6,1,0
TXN00401,2024-02-28T07:29:22,43.85,7,Tokyo,ATM,4,1,0
TXN00702,2024-05-31T15:51:36,38.66,15,Toronto,Online,7,0,0
TXN00476,2024-03-29T00:30:06,179.8,0,Dubai,Wire Transfer,2,1,0
TXN00821,2024-02-15T11:35:35,488.44,11,Toronto,ATM,5,0,0
TXN00771,2024-03-19T06:47:47,45.83,6,Singapore,Online,7,1,0
TXN00105,2024-04-30T00:47:34,146.18,0,New York,ATM,4,0,0
TXN00565,2024-04-21T21:08:15,55.16,21,Dubai,ATM,6,1,0
TXN00389,2024-05-20T16:12:36,45.05,16,Mumbai,Online,3,1,0
TXN00001,2024-02-05T23:06:43,76.25,23,Mumbai,Retail,7,1,0
TXN00937,2024-01-25T01:29:22,210.61,1,Tokyo,Online,5,1,0
TXN00982,2024-05-24T21:55:09,2672.05,1,Frankfurt,ATM,1,1,1
TXN00561,2024-03-19T03:13:33,1086.24,3,Sydney,Wire Transfer,8,1,0
TXN00080,2024-04-23T21:13:32,69.16,21,Toronto,Mobile Payment,3,0,0
TXN00205,2024-03-26T07:08:50,29.21,7,São Paulo,Online,2,1,0
TXN00034,2024-02-24T17:08:46,241.54,17,São Paulo,POS Terminal,8,1,0
TXN00775,2024-02-20T23:37:31,13.68,23,Singapore,ATM,3,1,0
TXN00508,2024-06-28T04:15:09,95.41,4,Singapore,Online,7,1,0
TXN00427,2024-04-27T05:46:50,205.05,5,Singapore,Online,3,1,0
TXN00454,2024-04-24T17:35:32,47.64,17,Frankfurt,Retail,1,1,0
TXN00366,2024-03-03T01:42:57,117.79,1,Mumbai,Online,4,1,0
TXN00091,2024-06-12T08:49:49,287.83,8,Mumbai,Wire Transfer,4,1,0
TXN00339,2024-06-01T20:43:30,45.77,20,Dubai,POS Terminal,1,1,0
TXN00897,2024-04-10T02:34:30,107.35,2,Tokyo,Online,5,1,0
TXN00564,2024-05-28T03:32:08,380.49,3,Frankfurt,Retail,1,1,0
TXN00345,2024-02-06T06:38:32,118.92,6,Frankfurt,POS Terminal,1,1,0
TXN00776,2024-06-20T20:15:06,37.62,20,Dubai,POS Terminal,2,1,0
TXN00241,2024-04-27T02:55:20,78.44,2,São Paulo,Wire Transfer,7,1,0
TXN00013,2024-04-07T08:59:40,9.06,8,Mumbai,Online,6,1,0
TXN00315,2024-04-02T16:14:07,92.31,16,Sydney,Online,4,1,0
TXN00600,2024-06-25T09:08:11,223.27,9,New York,Mobile Payment,7,0,0
TXN00387,2024-03-04T21:48:38,855.26,21,London,POS Terminal,8,1,0
TXN00273,2024-05-08T16:26:10,91.13,16,Sydney,POS Terminal,3,1,0
TXN00166,2024-04-08T21:50:52,241.4,21,Tokyo,Wire Transfer,1,1,0
TXN00840,2024-01-30T08:04:24,84.83,8,Sydney,Mobile Payment,4,1,0
TXN00992,2024-02-23T19:03:06,28313.85,17,Dubai,Wire Transfer,3,1,1
TXN00646,2024-02-15T15:37:35,3.54,15,Singapore,ATM,3,1,0
TXN00818,2024-06-25T10:26:23,99.36,10,London,Online,7,1,0
TXN00484,2024-04-09T00:45:13,36.32,0,Sydney,ATM,2,1,0
TXN00980,2024-06-15T22:50:10,11830.03,15,Singapore,Retail,3,1,1
TXN00504,2024-06-05T20:27:10,41.23,20,São Paulo,Online,4,1,0
TXN00831,2024-06-21T01:23:15,29.89,1,New York,Online,2,0,0
TXN00243,2024-02-13T19:29:53,254.4,19,Singapore,Retail,7,1,0
TXN00566,2024-04-10T22:53:47,7.8,22,Singapore,ATM,8,1,0
TXN00875,2024-01-07T12:33:48,775.47,12,London,Retail,5,1,0
TXN00562,2024-01-16T04:45:17,256.04,4,London,Retail,4,1,0
TXN00686,2024-06-28T04:13:44,67.47,4,New York,ATM,7,0,0
TXN00189,2024-05-15T16:58:17,14.62,16,Tokyo,ATM,8,1,0
TXN00782,2024-02-14T20:38:05,142.06,20,Dubai,Online,4,1,0
TXN00699,2024-02-16T03:25:25,72.1,3,Toronto,ATM,7,0,0
TXN00475,2024-04-24T11:25:29,66.76,11,São Paulo,Mobile Payment,3,1,0
TXN00681,2024-01-05T07:14:46,23.22,7,Tokyo,Online,1,1,0
TXN00510,2024-04-06T14:04:40,124.53,14,London,Wire Transfer,5,1,0
TXN00058,2024-03-11T01:00:21,133.96,1,Tokyo,Mobile Payment,5,1,0
TXN00474,2024-01-28T00:06:16,648.05,0,Sydney,POS Terminal,4,1,0
TXN00560,2024-06-11T22:56:00,127.45,22,Singapore,Retail,7,1,0
TXN00856,2024-04-03T12:17:28,33.15,12,Tokyo,POS Terminal,3,1,0
TXN00747,2024-06-01T01:49:59,36.36,1,São Paulo,Mobile Payment,5,1,0
TXN00252,2024-03-11T18:03:22,1148.93,18,Mumbai,Retail,5,1,0
TXN00021,2024-06-23T23:07:43,68.65,23,Mumbai,ATM,6,1,0
TXN00313,2024-04-23T02:51:43,238.94,2,Singapore,Mobile Payment,6,1,0
TXN00459,2024-04-21T08:26:19,21.38,8,Toronto,Retail,6,0,0
TXN00160,2024-04-26T17:09:24,27.95,17,Sydney,POS Terminal,3,1,0
TXN00276,2024-05-11T04:53:27,114.31,4,London,Online,8,1,0
TXN00955,2024-01-29T09:28:30,21938.82,16,Sydney,POS Terminal,1,1,1
TXN00191,2024-02-06T07:55:43,251.56,7,Frankfurt,POS Terminal,6,1,0
TXN00385,2024-05-02T04:29:47,107.82,4,São Paulo,ATM,7,1,0
TXN00805,2024-04-24T19:30:55,62.12,19,Toronto,Online,4,0,0
TXN00413,2024-05-23T13:26:35,417.05,13,Mumbai,Online,7,1,0
TXN00491,2024-02-16T11:44:09,531.62,11,Mumbai,Wire Transfer,7,1,0
TXN00343,2024-05-20T08:52:39,48.99,8,São Paulo,Retail,3,1,0
TXN00769,2024-03-17T21:56:58,792.3,21,Singapore,Retail,3,1,0
TXN00308,2024-01-20T18:08:33,173.56,18,Singapore,Wire Transfer,6,1,0
TXN00661,2024-06-24T17:40:50,46.7,17,Toronto,Mobile Payment,6,0,0
TXN00130,2024-05-21T09:44:08,14.0,9,Toronto,Retail,1,0,0
TXN00663,2024-01-25T15:08:47,46.89,15,Dubai,Mobile Payment,3,1,0
TXN00871,2024-03-10T14:49:55,34.54,14,Singapore,Mobile Payment,8,1,0
TXN00099,2024-05-04T07:17:27,67.93,7,Toronto,Retail,7,0,0
TXN00372,2024-02-15T01:53:25,513.56,1,Toronto,Online,5,0,0
TXN00087,2024-05-22T07:58:54,133.55,7,London,Wire Transfer,3,1,0
TXN00458,2024-03-09T09:17:31,46.32,9,Tokyo,Retail,3,1,0
TXN00330,2024-01-19T22:03:10,88.7,22,Toronto,Wire Transfer,8,0,0
TXN00214,2024-06-24T03:31:45,61.66,3,Toronto,Retail,2,0,0
TXN00466,2024-01-30T18:12:37,188.1,18,Mumbai,Online,1,1,0
TXN00121,2024-05-12T06:05:15,30.23,6,Frankfurt,Wire Transfer,4,1,0
TXN00614,2024-06-27T17:46:59,1694.09,17,Mumbai,ATM,5,1,0
TXN00020,2024-04-08T12:38:29,522.58,12,Mumbai,ATM,1,1,0
TXN00700,2024-06-25T15:51:26,48.07,15,Tokyo,Retail,3,1,0
TXN00071,2024-05-28T08:02:06,570.0,8,São Paulo,Wire Transfer,6,1,0
TXN00106,2024-06-15T02:49:41,865.6,2,New York,Retail,4,0,0
TXN00270,2024-01-12T13:23:43,507.52,13,Sydney,Wire Transfer,5,1,0
TXN00860,2024-02-04T20:33:34,114.84,20,Singapore,Wire Transfer,5,1,0
TXN00435,2024-01-25T16:09:15,98.39,16,Sydney,POS Terminal,5,1,0
TXN00102,2024-01-22T20:27:08,59.66,20,Toronto,Online,1,0,0
